INSERT INTO role (id, role) VALUES (1, 'CLIENT');
INSERT INTO role (id, role) VALUES (2, 'SELLER');
INSERT INTO role (id, role) VALUES (3, 'COURIER');

INSERT INTO flower (category, color, id, name, price, imagelink, hover_image_link, imagelink2, imagelink3, imagelink4, explanation) VALUES ('Bouquet' ,'Purple', 1, 'Orkid', '$180', 'img/product-img/gumus-saksi-mini-orkide-2.jpg', 'img/product-img/gumus-saksi-mini-orkide-1.jpg', 'img/product-img/kalpli-groot-serisi-mini-orkide-2.jpg', 'img/product-img/kalpli-groot-serisi-mini-orkide-1.jpg', 'img/product-img/kalpli-groot-serisi-mini-orkide-1.jpg', 'In the most restrictive sense, "bonsai" refers to miniaturized, container-grown trees adhering to Japanese tradition and principles. ...');
INSERT INTO flower (category, color, id, name, price, imagelink, hover_image_link, imagelink2, imagelink3, imagelink4, explanation) VALUES ('Bonsai' ,'Orange', 2, 'Acer', '$100', 'img/product-img/acer-palmatum-bonzai.jpg', 'img/product-img/acer-palmatum-bonzai-3.jpg', 'img/product-img/acer-palmatum-bonzai-4.jpg', 'img/product-img/acer-palmatum-bonzai-3.jpg', 'img/product-img/acer-palmatum-bonzai-2.jpg', 'Aloe vera is a stemless or very short-stemmed plant growing to 60–100 cm (24–39 in) tall, spreading by offsets. The leaves are thick and fleshy, green to grey-green, with some varieties showing white flecks on their upper and lower stem surfaces. The margin of the leaf is serrated and has small white teeth.');
INSERT INTO flower (category, color, id, name, price, imagelink, hover_image_link, imagelink2, imagelink3, imagelink4, explanation) VALUES ('Plants With Pot' ,'Yellow', 3, 'Krizantem', '$150', 'img/product-img/krizantem.jpg', 'img/product-img/krizantem2.jpg', 'img/product-img/krizantem2.jpg', 'img/product-img/krizantem3.jpg', 'img/product-img/krizantem3.jpg', 'A flower box is a type of container in the form of a planter or box that is usually placed outdoors and used for displaying live plants and flowers, but it may also be used for growing herbs or other edible plants.');
INSERT INTO flower (category, color, id, name, price, imagelink, hover_image_link, imagelink2, imagelink3, imagelink4, explanation) VALUES ('Bouquet' ,'White', 4, 'Daisy', '$80', 'img/product-img/beyaz-papatya-aranjmani-1.jpg', 'img/product-img/beyaz-papatya-aranjmani-2.jpg', 'img/product-img/beyaz-papatya-aranjmani-2.jpg', 'img/product-img/beyaz-papatya-aranjmani-3.jpg', 'img/product-img/beyaz-papatya-aranjmani-3.jpg', 'Almost all cacti are succulents, meaning they have thickened, fleshy parts adapted to store water. Unlike many other succulents, the stem is the only part of most cacti where this vital process takes place. Most species of cacti have lost true leaves, retaining only spines, which are highly modified leaves.');
INSERT INTO flower (category, color, id, name, price, imagelink, hover_image_link, imagelink2, imagelink3, imagelink4, explanation) VALUES ('Plants With Pot' ,'Red', 5, 'Guzmania', '$18', 'img/product-img/guzmania-1.jpeg', 'img/product-img/guzmania-2.jpeg', 'img/product-img/guzmania-2.jpeg', 'img/product-img/guzmania-2.jpeg', 'img/product-img/guzmania-2.jpeg', 'A flowerpot, flower pot, planter, or plant pot is a container in which flowers and other plants are cultivated and displayed.');
INSERT INTO flower (category, color, id, name, price, imagelink, hover_image_link, imagelink2, imagelink3, imagelink4, explanation) VALUES ('Plants With Pot' ,'Red', 6,'Kalencho', '$65', 'img/product-img/kırmızı_kalanchoe.jpg', 'img/product-img/kırmızı_kalanchoe2.jpg', 'img/product-img/kırmızı_kalanchoe2.jpg', 'img/product-img/kırmızı_kalanchoe3.jpg', 'img/product-img/kırmızı_kalanchoe3.jpg', 'The poem opens with one of the most famous similes of all time. The speaker is saying his love is like a really red rose that is "newly sprung in June." In other words, the speaker''s love is like a flower that has just emerged from the ground. You know what that means, Shmoopers: his love is new, fresh, and young.');
INSERT INTO flower (category, color, id, name, price, imagelink, hover_image_link, imagelink2, imagelink3, imagelink4, explanation) VALUES ('Home Deco' ,'Gray', 7, 'Glassella', '$500', 'img/product-img/glassella-1.jpg', 'img/product-img/glassella-2.jpg', 'img/product-img/glassella-2.jpg', 'img/product-img/glassella-2.jpg', 'img/product-img/glassella-1.jpg', 'One price, hundreds of experiences: One gift buys you an entire collection of amazing experiences for the recipient to choose from. The recipient can then choose the ONE experience they want, and book it with just a couple of clicks. Simple!');
INSERT INTO flower (category, color, id, name, price, imagelink, hover_image_link, imagelink2, imagelink3, imagelink4, explanation) VALUES ('Bouquet' ,'White', 8, 'Lilium', '$50', 'img/product-img/lilyum.jpg', 'img/product-img/lilyum2.jpg', 'img/product-img/lilyum2.jpg', 'img/product-img/lilyum3.jpg', 'img/product-img/lilyum.jpg', 'Natural plants bring unsurpassed charm inside a dwelling, thanks to their diverse leaf shapes, colors, textures and growing styles. Be it modern or more on the country style, your house will look more lively and sophisticated with some thoughtfully-placed flower pots that highlight certain indoor areas. And growing them does not have to become a chore; by choosing some low-maintenance species that also look enticing, you will add effortless panache to your interior design.');
INSERT INTO flower (category, color, id, name, price, imagelink, hover_image_link, imagelink2, imagelink3, imagelink4, explanation) VALUES ('Gift Box' ,'White', 9,'Little Italy', '$15', 'img/product-img/little-italy-1.jpg', 'img/product-img/little-italy-2.jpg', 'img/product-img/little-italy-2.jpg', 'img/product-img/little-italy-3.jpg', 'img/product-img/little-italy-4.jpg', 'The poem opens with one of the most famous similes of all time. The speaker is saying his love is like a really red rose that is "newly sprung in June." In other words, the speaker''s love is like a flower that has just emerged from the ground. You know what that means, Shmoopers: his love is new, fresh, and young.');
INSERT INTO flower (category, color, id, name, price, imagelink, hover_image_link, imagelink2, imagelink3, imagelink4, explanation) VALUES ('Home Deco' ,'Blue', 10,'Flower Arrangement', '$25', 'img/product-img/ayicikli-cicek-aranjmani-1.jpg', 'img/product-img/ayicikli-cicek-aranjmani-2.jpg', 'img/product-img/ayicikli-cicek-aranjmani-2.jpg', 'img/product-img/ayicikli-cicek-aranjmani-1.jpg', 'img/product-img/ayicikli-cicek-aranjmani-2.jpg', 'The poem opens with one of the most famous similes of all time. The speaker is saying his love is like a really red rose that is "newly sprung in June." In other words, the speaker''s love is like a flower that has just emerged from the ground. You know what that means, Shmoopers: his love is new, fresh, and young.');
INSERT INTO flower (category, color, id, name, price, imagelink, hover_image_link, imagelink2, imagelink3, imagelink4, explanation) VALUES ('Gift Box' ,'Red', 11,'Porto', '$25', 'img/product-img/porto-3.jpg', 'img/product-img/porto-1.jpg', 'img/product-img/porto-2.jpg', 'img/product-img/porto-5.jpg', 'img/product-img/porto-4.jpg', 'The poem opens with one of the most famous similes of all time. The speaker is saying his love is like a really red rose that is "newly sprung in June." In other words, the speaker''s love is like a flower that has just emerged from the ground. You know what that means, Shmoopers: his love is new, fresh, and young.');
INSERT INTO flower (category, color, id, name, price, imagelink, hover_image_link, imagelink2, imagelink3, imagelink4, explanation) VALUES ('Bouquet' ,'Red', 12,'Red Rose', '$25', 'img/product-img/red-rose.jpg', 'img/product-img/red-rose.jpg', 'img/product-img/red-rose.jpg', 'img/product-img/red-rose.jpg', 'img/product-img/red-rose.jpg', 'The poem opens with one of the most famous similes of all time. The speaker is saying his love is like a really red rose that is "newly sprung in June." In other words, the speaker''s love is like a flower that has just emerged from the ground. You know what that means, Shmoopers: his love is new, fresh, and young.');

INSERT INTO fbuser (id, address, city, email, enabled, firstname, password, phone, seller, surname, town, website) values (1, 'Bilkent Universitesi', 'Ankara', 'bilkentcicek@gmail.com', 1, 'Bilkent Cicek', '$2a$10$O5gyyMOsXj1CgPFtRfGmLevwUsb7VjTt.EYTYaBYjd2lZz9ZIPCi6', '05533455643', true, '', 'Ankara', 'bilkentcicek.com');
INSERT INTO fbuser (id, address, city, email, enabled, firstname, password, phone, seller, surname, town, website) values (2, 'Cicek Bazaar', 'Istanbul', 'cicekbazaar@gmail.com', 1, 'Cicek Bazaar', '$2a$10$O5gyyMOsXj1CgPFtRfGmLevwUsb7VjTt.EYTYaBYjd2lZz9ZIPCi6', '05533455643', true, '', 'Istanbul', 'bazaarcicek.com');

INSERT INTO fbuser (id, address, city, email, enabled, firstname, password, phone, seller, surname, town, website) values (3, 'Baskent Nakliyat', 'Ankara', 'baskentnakliyat@gmail.com', 1, 'Baskent Nakliyat', '$2a$10$O5gyyMOsXj1CgPFtRfGmLevwUsb7VjTt.EYTYaBYjd2lZz9ZIPCi6', '05533455643', false , '', 'Ankara', 'baskent.com');
INSERT INTO fbuser (id, address, city, email, enabled, firstname, password, phone, seller, surname, town, website) values (4, 'Getirgotur Tasimacilik', 'Istanbul', 'getirgotur@gmail.com', 1, 'Getirgotur Tasimacilik', '$2a$10$O5gyyMOsXj1CgPFtRfGmLevwUsb7VjTt.EYTYaBYjd2lZz9ZIPCi6', '05533455643', false, '', 'Istanbul', 'getirgotur.com');

INSERT INTO fbuser (id, address, city, email, enabled, firstname, password, phone, seller, surname, town, website) values (5, 'Eryamanevleri', 'Ankara', 'ahmetahmet@gmail.com', 1, 'Ahmet', '$2a$10$O5gyyMOsXj1CgPFtRfGmLevwUsb7VjTt.EYTYaBYjd2lZz9ZIPCi6', '05533455643', false , 'Akarsu', 'Ankara', 'ahmet.com');
INSERT INTO fbuser (id, address, city, email, enabled, firstname, password, phone, seller, surname, town, website) values (6, 'Cayyolu', 'Bursa', 'ilaydis@gmail.com', 1, 'Ilayda', '$2a$10$O5gyyMOsXj1CgPFtRfGmLevwUsb7VjTt.EYTYaBYjd2lZz9ZIPCi6', '0552134423', false , 'Tekil', 'Bursa', 'ilayda.com');
INSERT INTO cart(id, client_id) VALUES (15, 5);
INSERT INTO cart(id, client_id) VALUES (16, 6);

INSERT INTO user_role (fbuser_id, role_id) VALUES(1, 2);
INSERT INTO user_role (fbuser_id, role_id) VALUES(2, 2);

INSERT INTO user_role (fbuser_id, role_id) VALUES(3, 3);
INSERT INTO user_role (fbuser_id, role_id) VALUES(4, 3);

INSERT INTO user_role (fbuser_id, role_id) VALUES(5, 1);
INSERT INTO user_role (fbuser_id, role_id) VALUES(6, 1);

INSERT INTO flower_seller (seller_id, flower_id) VALUES (1,1);
INSERT INTO flower_seller (seller_id, flower_id) VALUES (1,2);
INSERT INTO flower_seller (seller_id, flower_id) VALUES (1,3);
INSERT INTO flower_seller (seller_id, flower_id) VALUES (1,4);
INSERT INTO flower_seller (seller_id, flower_id) VALUES (1,5);
INSERT INTO flower_seller (seller_id, flower_id) VALUES (1,6);
INSERT INTO flower_seller (seller_id, flower_id) VALUES (1,7);
INSERT INTO flower_seller (seller_id, flower_id) VALUES (1,8);
INSERT INTO flower_seller (seller_id, flower_id) VALUES (1,9);
INSERT INTO flower_seller (seller_id, flower_id) VALUES (1,10);

INSERT INTO flower_seller (seller_id, flower_id) VALUES (2,1);
INSERT INTO flower_seller (seller_id, flower_id) VALUES (2,2);
INSERT INTO flower_seller (seller_id, flower_id) VALUES (2,3);
INSERT INTO flower_seller (seller_id, flower_id) VALUES (2,4);
INSERT INTO flower_seller (seller_id, flower_id) VALUES (2,5);
INSERT INTO flower_seller (seller_id, flower_id) VALUES (2,6);
INSERT INTO flower_seller (seller_id, flower_id) VALUES (2,7);
INSERT INTO flower_seller (seller_id, flower_id) VALUES (2,8);
INSERT INTO flower_seller (seller_id, flower_id) VALUES (2,9);
INSERT INTO flower_seller (seller_id, flower_id) VALUES (2,10)

-- SELLER TEST

-- INSERT INTO orders (id, delivery_status, payment_completed, quantity, status, cart_id, client_id, flower_id, seller_id) VALUES (15, 'WAITING', true, 3, 'Not Assigned', 15, 5, 3, 16);
-- INSERT INTO orders (id, delivery_status, payment_completed, quantity, status, cart_id, client_id, flower_id, seller_id) VALUES (16, 'WAITING', true, 5, 'Not Assigned', 16, 6, 4, 16);
-- INSERT INTO orders (id, delivery_status, payment_completed, quantity, status, cart_id, client_id, flower_id, seller_id) VALUES (17, 'WAITING', true, 1, 'Not Assigned', 15, 5, 5, 16);
-- INSERT INTO orders (id, delivery_status, payment_completed, quantity, status, cart_id, client_id, flower_id, seller_id) VALUES (18, 'WAITING', true, 2, 'Not Assigned', 16, 6, 7, 16);


-- COURIER TEST

-- INSERT INTO orders (id, delivery_status, payment_completed, quantity, status, cart_id, client_id, flower_id, seller_id, courier_id, address) VALUES (15, 'WAITING', true, 3, 'PENDING', 15, 5, 3, 1, 16, 'Relax Eryaman Konutlari Kat:11 Daire:139');
-- INSERT INTO orders (id, delivery_status, payment_completed, quantity, status, cart_id, client_id, flower_id, seller_id, courier_id, address) VALUES (16, 'WAITING', true, 5, 'PENDING', 16, 6, 4, 2, 16, 'Relax Eryaman Konutlari Kat:11 Daire:139');
-- INSERT INTO orders (id, delivery_status, payment_completed, quantity, status, cart_id, client_id, flower_id, seller_id, courier_id, address) VALUES (17, 'WAITING', true, 1, 'PENDING', 15, 5, 5, 1, 16, 'Relax Eryaman Konutlari Kat:11 Daire:139');
-- INSERT INTO orders (id, delivery_status, payment_completed, quantity, status, cart_id, client_id, flower_id, seller_id, courier_id, address) VALUES (18, 'WAITING', true, 2, 'PENDING', 16, 6, 7, 2, 16, 'Relax Eryaman Konutlari Kat:11 Daire:139');
